"stopno","name","lat","long"
"26106",NA,51.050274,17.059177
"23703",NA,51.137455,17.052605
"25306",NA,51.063793,17.083548
"29313",NA,51.145546,17.13747
"24704",NA,51.11418,17.11671
"24727",NA,51.1195,17.114588
"20620",NA,51.124454,17.03383
"11538",NA,51.088707,17.006742
"17517",NA,51.110985,16.89783
"25303",NA,51.069412,17.080359
"17703",NA,51.1236,16.92291
"25507",NA,51.0934,17.107279
"121012",NA,51.086372,17.046728
"16502",NA,51.072445,17.001549
"25514",NA,51.090176,17.135955
"10221",NA,51.104153,17.037401
"110601",NA,51.1173,17.031666
"20201",NA,51.104847,17.048458
"120813",NA,51.112125,17.057587
"11314",NA,51.074966,17.006367
"23123",NA,51.139626,17.033041
"23141",NA,51.135933,17.035112
"23150",NA,51.147526,17.022377
"11313",NA,51.07477,17.006338
"10015",NA,51.11284,17.029217
"11604",NA,51.096046,16.985935
"29552",NA,51.17244,17.11339
"10413",NA,51.11224,17.000492
"10013",NA,51.114468,17.035654
"10006",NA,51.10952,17.02684
"10234",NA,51.101093,17.029148
"12611",NA,51.141045,16.958885
"18505",NA,51.15299,16.940016
"12303",NA,51.125675,16.983047
"12904",NA,51.12338,16.95016
"11202",NA,51.097813,17.025553
"24112",NA,51.132507,17.062601
"10233",NA,51.10124,17.029217
"10401",NA,51.11212,17.020308
"11216",NA,51.07333,17.006498
"21024",NA,51.080013,17.050518
"17511",NA,51.106533,16.899647
"23146",NA,51.141148,17.026735
"123008",NA,51.13508,17.006086
"16704",NA,51.06396,16.979687
"20902",NA,51.117268,17.051151
"121008",NA,51.091858,17.038067
"12312",NA,51.12607,16.99696
"24132",NA,51.130405,17.078384
"17126",NA,51.07994,16.95725
"23018",NA,51.14382,17.031284
"16519",NA,51.071342,17.00585
"24303",NA,51.11988,17.077467
"50000060",NA,51.081467,17.144722
"12134",NA,51.115345,16.947655
"12504",NA,51.13192,16.960681
"20855",NA,51.110687,17.061981
"23147",NA,51.137676,17.03062
"11747",NA,51.08205,16.989494
"110104",NA,51.111828,17.027184
"16410",NA,51.06572,16.987377
"23009",NA,51.137127,17.029823
"21118",NA,51.083885,17.035254
"23163",NA,51.146294,17.041742
"16522",NA,51.07077,17.011513
"20901",NA,51.116543,17.052225
"25109",NA,51.081,17.078905
"11532",NA,51.096985,17.015991
"20681",NA,51.122894,17.031458
"10414",NA,51.112522,17.001144
"21139",NA,51.077095,17.049452
"20316",NA,51.09672,17.057083
"716103",NA,51.018566,16.889423
"17501",NA,51.10936,16.939087
"26305",NA,51.06175,17.032341
"26310",NA,51.050728,17.030434
"12158",NA,51.10243,16.972425
"120825",NA,51.113567,17.067432
"29317",NA,51.142853,17.133976
"18128",NA,51.156208,16.89139
"20264",NA,51.100304,17.045437
"23313",NA,51.14804,16.988672
"18003",NA,51.1404,16.91725
"18514",NA,51.163467,16.91934
"26345",NA,51.047306,17.01558
"20629",NA,51.12942,17.057652
"10543",NA,51.10996,17.007587
"17712",NA,51.12616,16.891226
"80362014",NA,51.106388,16.835446
"17723",NA,51.121403,16.844126
"24203",NA,51.11681,17.081823
"10240",NA,51.108406,17.026846
"120808",NA,51.1150485,17.0676145
"11602",NA,51.09774,16.992847
"20205",NA,51.0969,17.056248
"18204",NA,51.144653,16.872252
"23008",NA,51.135014,17.006594
"20823",NA,51.111725,17.0605
"18506",NA,51.153008,16.939938
"10555",NA,51.117188,17.02605
"29121",NA,51.14583,17.113783
"120818",NA,51.109882,17.0645
"20262",NA,51.103485,17.047474
"16701",NA,51.063713,16.981092
"24300",NA,51.12007,17.077494
"11302",NA,51.096348,17.023926
"11711",NA,51.094578,16.97766
"23014",NA,51.133793,17.036438
"123006",NA,51.1345,17.012024
"11744",NA,51.09033,16.992512
"20625",NA,51.122433,17.043974
"10518",NA,51.12268,17.011908
"10031",NA,51.107574,17.041956
"12143",NA,51.12003,16.951841
"23006",NA,51.13428,17.013927
"120852",NA,51.119984,17.056366
"23724",NA,51.152054,17.070484
"11727",NA,51.091286,16.986727
"16506",NA,51.065598,16.988127
"29102",NA,51.14478,17.102388
"12712",NA,51.131621,16.975887
"20352",NA,51.09736,17.036156
"21107",NA,51.0776,17.03388
"21132",NA,51.077126,17.039455
"20302",NA,51.107693,17.044489
"25132",NA,51.06894,17.09402
"24503",NA,51.104366,17.083612
"9-OBORNIC",NA,51.148567,17.02213
"17520",NA,51.110256,16.879898
"18013",NA,51.13754,16.939364
"23017",NA,51.14462,17.03107
"11614",NA,51.084435,16.972124
"120610",NA,51.1243,17.034971
"18513",NA,51.16419,16.918968
"20718",NA,51.127934,17.036377
"12738",NA,51.13745,16.968817
"11242",NA,51.072445,17.013273
"12321",NA,51.128494,16.975693
"17129",NA,51.07208,16.958597
"121005",NA,51.093292,17.036787
"26325",NA,51.066555,17.010365
"23514",NA,51.188293,16.979332
"12707",NA,51.140648,16.958225
"23112",NA,51.135693,17.016346
"23170",NA,51.14813,17.042711
"17314",NA,51.107246,16.94998
"12318",NA,51.125328,16.983583
"24103",NA,51.139065,17.0799
"11252",NA,51.08657,17.01159
"23524",NA,51.15424,17.028654
"24532",NA,51.109135,17.071812
"26309",NA,51.05084,17.030287
"16525",NA,51.068817,17.009424
"24511",NA,51.106293,17.094007
"11365",NA,51.073833,17.012577
"21012",NA,51.0865,17.046688
"11531",NA,51.09691,17.01353
"11454",NA,51.08953,17.000835
"11205",NA,51.091026,17.017437
"24316",NA,51.113785,17.103659
"24410",NA,51.10392,17.090271
"12511",NA,51.123207,16.974852
"17704",NA,51.123047,16.925077
"23127",NA,51.148815,17.030018
"17710",NA,51.12718,16.901148
"20614",NA,51.119553,17.035166
"18127",NA,51.155754,16.891005
"20854",NA,51.11585,17.060717
"17125",NA,51.07658,16.97799
"17708",NA,51.126114,16.909365
"29535",NA,51.165646,17.106169
"20905",NA,51.116932,17.047348
"25011",NA,51.079872,17.080595
"16516",NA,51.074966,16.997005
"24305",NA,51.12766,17.07846
"11357",NA,51.07308,17.01212
"21009",NA,51.088417,17.045591
"24306",NA,51.124054,17.07788
"12540",NA,51.130455,16.96617
"23542",NA,51.156063,17.031316
"16501",NA,51.071877,17.00067
"11377",NA,51.07295,17.013527
"21145",NA,51.082855,17.05087
"120665",NA,51.12385,17.042324
"120206",NA,51.0963,17.056494
"21110",NA,51.075516,17.033134
"25121",NA,51.07035,17.091747
"10103",NA,51.11148,17.02726
"21162",NA,51.084118,17.062483
"24518",NA,51.10549,17.111448
"16521",NA,51.06966,17.012178
"120821",NA,51.110287,17.055845
"20662",NA,51.122093,17.030836
"20814",NA,51.11341,17.054024
"120204",NA,51.102237,17.0517835
"120823",NA,51.11172,17.06048
"110223",NA,51.10046,17.036028
"21171",NA,51.08299,17.043043
"111403",NA,51.099365,17.000372
"23523",NA,51.15473,17.028804
"18114",NA,51.141026,16.912829
"11307",NA,51.07522,17.006413
"23001",NA,51.133175,17.025759
"20782",NA,51.124054,17.03029
"10651",NA,51.117233,17.025908
"21019",NA,51.07992,17.062677
"24108",NA,51.14068,17.086689
"18738",NA,51.153812,16.892921
"20269",NA,51.099415,17.03383
"20612",NA,51.116413,17.033728
"24717",NA,51.097292,17.163576
"12509",NA,51.139233,16.9586
"25501",NA,51.09713,17.068167
"10102",NA,51.10732,17.032965
"11358",NA,51.078224,17.014921
"16717",NA,51.063126,16.976767
"29927",NA,51.145393,17.142261
"21127",NA,51.07913,17.050606
"20729",NA,51.129005,17.056807
"25305",NA,51.063644,17.082392
"18516",NA,51.147247,16.948227
"25320",NA,51.054947,17.0912585
"16520",NA,51.0738295,17.007358
"11657",NA,51.09182,16.98483
"29312",NA,51.146515,17.128595
"120803",NA,51.116264,17.055334
"20610",NA,51.124294,17.0348
"723975",NA,51.03266,16.967905
"24321",NA,51.11389,17.104063
"12537",NA,51.129364,16.965244
"18523",NA,51.15356,16.947927
"29515",NA,51.154964,17.104647
"24718",NA,51.09722,17.163834
"10524",NA,51.118637,17.015442
"18517",NA,51.15523,16.938559
"21141",NA,51.087948,17.036488
"23102",NA,51.133064,17.02731
"17715",NA,51.12092,16.86934
"26105",NA,51.049408,17.059538
"12304",NA,51.124695,16.984756
"23728",NA,51.1433,17.0710385
"17301",NA,51.102688,16.94514
"25145",NA,51.07564,17.096872
"23720",NA,51.1457,17.072947
"24318",NA,51.119255,17.088814
"110654",NA,51.118046,17.030218
"50000042",NA,51.042274,17.072208
"20683",NA,51.123608,17.040516
"11553",NA,51.089867,16.999508
"12201",NA,51.121624,16.993036
"25134",NA,51.069847,17.097666
"21152",NA,51.078552,17.06396
"50395001",NA,51.045216,17.060892
"12108",NA,51.11392,16.9651
"12524",NA,51.129,16.954647
"11552",NA,51.07775,16.983503
"12603",NA,51.135227,16.96908
"16531",NA,51.065083,16.986248
"29530",NA,51.159145,17.132696
"18720",NA,51.17062,16.901838
"21017",NA,51.083702,17.060755
"12506",NA,51.1360115,16.950962
"18113",NA,51.14216,16.9041265
"29130",NA,51.14702,17.117184
"110023",NA,51.11331,17.039682
"12523",NA,51.13009,16.955183
"71951012",NA,51.0393085,16.987034
"16515",NA,51.07518,16.996613
"29517",NA,51.15695,17.096558
"24533",NA,51.102467,17.101978
"24128",NA,51.129513,17.113247
"12104",NA,51.112354,16.988932
"23721",NA,51.1494,17.074562
"21135",NA,51.072273,17.053005
"18510",NA,51.157555,16.92723
"23553",NA,51.156425,17.04431
"25519",NA,51.09189,17.133133
"12529",NA,51.122288,16.974674
"21016",NA,51.083008,17.051474
"11613",NA,51.086086,16.973658
"21136",NA,51.073902,17.053118
"11237",NA,51.07691,17.018354
"20613",NA,51.12137,17.03502
"26307",NA,51.054764,17.032246
"12518",NA,51.122402,16.961758
"26102",NA,51.070393,17.053974
"11236",NA,51.08192,17.023106
"12911",NA,51.12382,16.949812
"12105",NA,51.11424,16.97803
"110005",NA,51.111507,17.027056
"16526",NA,51.063675,17.0022
"23302",NA,51.137188,16.994287
"18005",NA,51.142708,16.89905
"17315",NA,51.097034,16.950926
"12702",NA,51.13053,16.977964
"12157",NA,51.096634,16.975172
"12530",NA,51.120857,16.973656
"17130",NA,51.07263,16.953482
"12510",NA,51.135967,16.960339
"21151",NA,51.07795,17.064753
"20312",NA,51.106594,17.0474
"11651",NA,51.090435,16.992859
"20623",NA,51.11894,17.042002
"20324",NA,51.099533,17.050842
"17137",NA,51.076633,16.977182
"10451",NA,51.112553,17.022888
"12205",NA,51.126545,16.981535
"12528",NA,51.132107,16.956314
"21173",NA,51.0822,17.049362
"17505",NA,51.108887,16.916702
"18002",NA,51.137955,16.936846
"20804",NA,51.116325,17.05546
"20807",NA,51.11488,17.07016
"23558",NA,51.162785,17.045788
"23114",NA,51.13907,17.020735
"26308",NA,51.05438,17.032206
"12129",NA,51.12155,16.947496
"12411",NA,51.136932,16.9475875
"11542",NA,51.097908,17.014616
"10503",NA,51.112995,17.007708
"10005",NA,51.11274,17.02871
"10649",NA,51.117573,17.02548
"10054",NA,51.105576,17.032816
"29926",NA,51.145325,17.148138
"20330",NA,51.102093,17.046577
"23022",NA,51.15012,17.027718
"20619",NA,51.124374,17.034117
"17716",NA,51.12086,16.869993
"11364",NA,51.07773,17.019337
"23734",NA,51.13851,17.058748
"12144",NA,51.119328,16.953001
"29503",NA,51.156235,17.121098
"29506",NA,51.159412,17.121515
"11356",NA,51.08309,17.017427
"12409",NA,51.136467,16.949294
"50000064",NA,51.070366,17.156994
"11712",NA,51.093914,16.978329
"24712",NA,51.10689,17.142899
"10506",NA,51.11278,17.007248
"29129",NA,51.14816,17.114836
"11605",NA,51.094673,16.98048
"11525",NA,51.09404,16.996943
"24134",NA,51.136906,17.0809
"10521",NA,51.117622,17.006397
"10009",NA,51.11086,17.035025
"120622",NA,51.116386,17.041687
"11521",NA,51.09353,17.009626
"25113",NA,51.07696,17.084574
"20617",NA,51.1309,17.036587
"10705",NA,51.130388,17.02792
"16723",NA,51.062668,16.983866
"723964",NA,51.038113,16.968597
"23309",NA,51.16617,16.966688
"21140",NA,51.07676,17.050457
"18122",NA,51.145515,16.875885
"21101",NA,51.094227,17.032763
"18534",NA,51.151756,16.92724
"18704",NA,51.160988,16.905052
"20267",NA,51.09988,17.036211
"11741",NA,51.0875,16.991726
"10504",NA,51.11262,17.0132875
"23722",NA,51.148655,17.075592
"24501",NA,51.106968,17.073166
"11728",NA,51.094154,16.978817
"18511",NA,51.158375,16.916739
"10500",NA,51.113068,17.020864
"10011",NA,51.108727,17.034002
"11232",NA,51.08921,17.028494
"25002",NA,51.09328,17.060196
"29502",NA,51.151215,17.115093
"18014",NA,51.13713,16.9420885
"50000040",NA,51.040527,17.073612
"116408",NA,51.06689,16.995167
"11335",NA,51.09436,17.01617
"11235",NA,51.081444,17.022573
"723973",NA,51.04004,16.969137
"10514",NA,51.11712,17.008125
"21142",NA,51.08828,17.035082
"12100",NA,51.114086,16.98582
"20809",NA,51.113773,17.050909
"12501",NA,51.129986,16.968548
"24519",NA,51.106407,17.105782
"11612",NA,51.084908,16.972319
"16527",NA,51.078205,16.998446
"20920",NA,51.11175,17.06389
"16714",NA,51.05979,16.9746
"26313",NA,51.056885,17.023067
"10513",NA,51.117733,17.00756
"24504",NA,51.10448,17.083828
"11513",NA,51.096527,17.005262
"12406",NA,51.13057,16.967665
"21020",NA,51.08094,17.062128
"24313",NA,51.11362,17.09236
"23005",NA,51.134678,17.01007
"10023",NA,51.113953,17.04012
"12410",NA,51.136375,16.949076
"17115",NA,51.06965,16.969112
"24008",NA,51.13112,17.070932
"23124",NA,51.139267,17.034222
"21178",NA,51.083385,17.033964
"16720",NA,51.056797,16.971394
"24722",NA,51.113945,17.13566
"29519",NA,51.156876,17.099222
"23719",NA,51.146706,17.074272
"25310",NA,51.058926,17.087244
"11304",NA,51.087193,17.01314
"12403",NA,51.12942,16.971716
"17702",NA,51.122334,16.933666
"121007",NA,51.09158,17.040758
"29523",NA,51.16,17.133718
"24513",NA,51.106422,17.099451
"11239",NA,51.07411,17.015799
"29135",NA,51.146564,17.115509
"26346",NA,51.048088,17.016296
"23125",NA,51.144608,17.031313
"21121",NA,51.09719,17.036608
"44725",NA,51.1201275,17.115805
"10366",NA,51.102135,17.029795
"50000062",NA,51.075836,17.1454
"20824",NA,51.111355,17.059908
"18125",NA,51.153046,16.88441
"10273",NA,51.109547,17.021648
"124202",NA,51.114918,17.073269
"40715",NA,51.12418,17.03327
"11401",NA,51.100933,17.007051
"120804",NA,51.116397,17.0551425
"16507",NA,51.0706,16.99874
"12502",NA,51.12879,16.972996
"17306",NA,51.09701,16.94678
"10377",NA,51.103966,17.019968
"18706",NA,51.162525,16.899025
"10244",NA,51.104427,17.021778
"18718",NA,51.17134,16.91468
"25318",NA,51.06357,17.074173
"21156",NA,51.078224,17.068674
"24146",NA,51.134342,17.067856
"20721",NA,51.122913,17.05292
"24133",NA,51.13887,17.08196
"10603",NA,51.1229,17.030138
"10541",NA,51.108803,17.018042
"17101",NA,51.080845,16.967396
"12404",NA,51.12938,16.97167
"20624",NA,51.118977,17.042063
"12138",NA,51.11936,16.951519
"20666",NA,51.123486,17.037807
"#24707",NA,51.114597,17.129383
"16719",NA,51.054726,16.976923
"20268",NA,51.099808,17.035566
"18715",NA,51.192013,16.906132
"25509",NA,51.095158,17.12382
"20281",NA,51.110027,17.048075
"20916",NA,51.1125,17.060741
"11210",NA,51.08615,17.011799
"25141",NA,51.07638,17.090239
"25302",NA,51.077682,17.076216
"25304",NA,51.069565,17.080238
"11404",NA,51.09984,17.002167
"10519",NA,51.12607,17.000769
"26316",NA,51.058193,17.016027
"10511",NA,51.11548,17.015047
"26327",NA,51.063374,17.008976
"26304",NA,51.066154,17.032299
"11745",NA,51.08443,16.990437
"18717",NA,51.19808,16.905748
"110021",NA,51.108612,17.03868
"29538",NA,51.16809,17.112432
"110256",NA,51.10733,17.02295
"18112",NA,51.137753,16.946
"17300",NA,51.10191,16.944294
"24210",NA,51.11363,17.09052
"20622",NA,51.1161,17.0415
"29318",NA,51.143105,17.136637
"16505",NA,51.06617,16.989256
"12317",NA,51.12903,16.98531
"23725",NA,51.14052,17.068298
"18709",NA,51.16758,16.899263
"18512",NA,51.158154,16.917715
"20817",NA,51.10898,17.067183
"24011",NA,51.131752,17.091103
"120628",NA,51.124073,17.04482
"29132",NA,51.146786,17.120429
"726951",NA,51.046345,17.011932
"50395002",NA,51.04447,17.060947
"12527",NA,51.132595,16.956606
"18008",NA,51.143707,16.890673
"11203",NA,51.093784,17.020678
"18402",NA,51.143166,16.950193
"12320",NA,51.132565,16.990412
"18707",NA,51.16367,16.89674
"24709",NA,51.10864,17.1399
"17711",NA,51.12335,16.883087
"12609",NA,51.141262,16.964058
"10704",NA,51.121586,17.030798
"18520",NA,51.146515,16.940271
"18702",NA,51.159546,16.910873
"23003",NA,51.133892,17.018667
"11213",NA,51.079655,17.007765
"11514",NA,51.097065,17.0044295
"12541",NA,51.124023,16.95809
"10032",NA,51.107685,17.039238
"18202",NA,51.144657,16.87227
"120666",NA,51.12351,17.0383005
"120623",NA,51.119106,17.042032
"18016",NA,51.141308,16.909739
"16403",NA,51.06852,17.003384
"18009",NA,51.144947,16.881073
"11361",NA,51.08444,17.021572
"24713",NA,51.102726,17.15553
"29108",NA,51.15164,17.130308
"12126",NA,51.118267,16.956482
"812987",NA,51.056934,16.94555
"24701",NA,51.115425,17.111742
"50000043",NA,51.042782,17.0766545
"17502",NA,51.10872,16.94368
"23126",NA,51.141167,17.03193
"11212",NA,51.083935,17.0104
"23715",NA,51.13914,17.065624
"20616",NA,51.12477,17.034662
"23710",NA,51.14171,17.064598
"10245",NA,51.102352,17.013544
"29501",NA,51.15217,17.116697
"21161",NA,51.085632,17.066868
"12112",NA,51.110672,16.956455
"18110",NA,51.144814,16.882597
"11209",NA,51.0867,17.01233
"24131",NA,51.13398,17.079971
"125007",NA,51.084595,17.072699
"18106",NA,51.142414,16.901857
"12608",NA,51.138718,16.965563
"20266",NA,51.09826,17.0433
"12508",NA,51.130245,16.968376
"24312",NA,51.111195,17.081518
"10053",NA,51.104527,17.03085
"17308",NA,51.096733,16.954683
"20364",NA,51.09853,17.035332
"29531",NA,51.160267,17.120918
"17135",NA,51.0763,16.9721
"12319",NA,51.13066,16.98376
"12905",NA,51.124252,16.951035
"10126",NA,51.104908,17.03753
"20724",NA,51.127594,17.054846
"18743",NA,51.174408,16.907211
"29522",NA,51.155525,17.12836
"12109",NA,51.11237,16.960562
"23557",NA,51.16379,17.046967
"21036",NA,51.089294,17.02918
"23023",NA,51.139675,17.031832
"23534",NA,51.17465,17.010338
"29315",NA,51.144337,17.140911
"11351",NA,51.086067,17.012756
"723976",NA,51.0342,16.968086
"12512",NA,51.123753,16.976824
"11540",NA,51.086975,17.0092
"11367",NA,51.072296,17.010963
"29507",NA,51.162354,17.1252
"17309",NA,51.09561,16.965538
"11451",NA,51.088154,17.006115
"812901",NA,51.10303,16.8313
"17114",NA,51.074673,16.962873
"11233",NA,51.084305,17.025295
"12405",NA,51.131054,16.96549
"12714",NA,51.136127,16.978922
"10384",NA,51.105473,17.01451
"10520",NA,51.12594,17.006175
"29553",NA,51.17317,17.11356
"10510",NA,51.117493,17.003695
"26101",NA,51.069305,17.054071
"25506",NA,51.09237,17.091288
"120824",NA,51.11134,17.05991
"11321",NA,51.097073,17.032242
"10544",NA,51.108395,17.012197
"12401",NA,51.12819,16.975754
"29537",NA,51.167385,17.106436
"20627",NA,51.124535,17.045218
"21028",NA,51.077045,17.047186
"20362",NA,51.09922,17.034595
"10546",NA,51.111263,17.003382
"23007",NA,51.135212,17.005276
"50000053",NA,51.073765,17.108742
"11702",NA,51.097748,16.993204
"50000056",NA,51.07241,17.116337
"11504",NA,51.098835,17.001486
"11659",NA,51.09424,16.980274
"26301",NA,51.06986,17.032234
"12526",NA,51.13266,16.9593
"24409",NA,51.10374,17.091433
"24101",NA,51.132557,17.065287
"11524",NA,51.093353,17.002642
"18018",NA,51.138306,16.931725
"10274",NA,51.107212,17.021503
"29124",NA,51.14394,17.118946
"11530",NA,51.09638,17.012823
"18701",NA,51.159863,16.90986
"11353",NA,51.084393,17.018059
"10385",NA,51.101353,17.013338
"17730",NA,51.12672,16.914036
"17303",NA,51.09881,16.941769
"11325",NA,51.096294,17.023441
"21013",NA,51.082943,17.05083
"20657",NA,51.1169,17.04352
"20921",NA,51.112015,17.062626
"26311",NA,51.05488,17.026726
"20628",NA,51.12409,17.044842
"24507",NA,51.101013,17.111839
"24404",NA,51.105686,17.077398
"11555",NA,51.07752,16.98334
"12128",NA,51.120995,16.945953
"12607",NA,51.139168,16.965288
"10523",NA,51.117012,17.023186
"24110",NA,51.142067,17.092667
"120616",NA,51.124752,17.034664
"20303",NA,51.110786,17.048689
"20722",NA,51.122406,17.052542
"11343",NA,51.09009,17.017998
"10052",NA,51.105247,17.037888
"29512",NA,51.1506,17.11521
"21157",NA,51.08298,17.055077
"31711",NA,51.09466,16.977641
"29116",NA,51.150127,17.1203605
"12121",NA,51.11243,16.959763
"1",NA,51.088387,17.029346
"29119",NA,51.150913,17.1224165
"21131",NA,51.07698,17.042137
"23522",NA,51.15032,17.029037
"10522",NA,51.1168,17.024195
"25010",NA,51.0823,17.07652
"11035",NA,51.093014,17.03015
"26336",NA,51.061005,17.027283
"25008",NA,51.08536,17.071714
"23702",NA,51.13432,17.058943
"24520",NA,51.10492,17.104456
"121026",NA,51.077587,17.051514
"20665",NA,51.123867,17.041924
"21174",NA,51.08318,17.047937
"121004",NA,51.09406,17.0338
"29528",NA,51.150578,17.108889
"11543",NA,51.0815,17.000057
"12901",NA,51.12232,16.955828
"120626",NA,51.12142,17.04337
"23506",NA,51.165794,16.998726
"10402",NA,51.11183,17.021145
"26103",NA,51.058693,17.056616
"25142",NA,51.076725,17.088737
"10548",NA,51.112495,17.001225
"21015",NA,51.08309,17.055004
"723965",NA,51.03822,16.975185
"23512",NA,51.179382,16.9873885
"11312",NA,51.074383,17.006811
"12612",NA,51.139816,16.960236
"11319",NA,51.09973,17.025433
"20812",NA,51.113075,17.050013
"716101",NA,51.01722,16.880835
"24314",NA,51.113495,17.09079
"23121",NA,51.13643,17.036552
"18531",NA,51.146152,16.944592
"20826",NA,51.11272,17.064198
"24515",NA,51.106525,17.105364
"120815",NA,51.111504,17.060638
"11453",NA,51.089684,16.999973
"24013",NA,51.129654,17.098486
"10008",NA,51.106945,17.033377
"24322",NA,51.11406,17.10378
"25003",NA,51.090492,17.064169
"26334",NA,51.05781,17.023176
"24104",NA,51.13772,17.073137
"18385",NA,51.14477,16.871454
"21134",NA,51.077026,17.045662
"23122",NA,51.134808,17.036585
"23144",NA,51.13645,17.031052
"25505",NA,51.09229,17.093678
"10501",NA,51.112274,17.020372
"24407",NA,51.104374,17.08482
"17734",NA,51.11392,16.845215
"12902",NA,51.121468,16.95824
"10272",NA,51.10466,17.02188
"20923",NA,51.112267,17.063606
"11329",NA,51.095768,17.032248
"723953",NA,51.04876,17.000055
"26343",NA,51.051674,17.018787
"12156",NA,51.114174,16.968798
"11001",NA,51.09587,17.032745
"11373",NA,51.08304,17.023895
"21158",NA,51.07742,17.062094
"21026",NA,51.077595,17.051523
"24214",NA,51.113976,17.103321
"25515",NA,51.100445,17.068575
"23301",NA,51.137894,16.993002
"10525",NA,51.119263,17.01491
"10512",NA,51.115555,17.01441
"11724",NA,51.092415,16.986414
"21155",NA,51.078186,17.070946
"10101",NA,51.10749,17.032265
"16509",NA,51.0521875,16.976175
"111401",NA,51.10106,17.00747
"25115",NA,51.072693,17.08929
"24304",NA,51.12034,17.077316
"12307",NA,51.121674,16.994617
"11512",NA,51.094273,17.0111705
"12906",NA,51.123528,16.951283
"23011",NA,51.134335,17.037073
"12711",NA,51.13258,16.97411
"11036",NA,51.09437,17.030838
"17504",NA,51.10954,16.931244
"80362012",NA,51.103027,16.831314
"17104",NA,51.077755,16.964016
"11310",NA,51.07496,17.00653
"17136",NA,51.07625,16.97414
"723961",NA,51.039055,16.971256
"24414",NA,51.10224,17.101976
"24521",NA,51.109974,17.1084
"50000059",NA,51.080143,17.144812
"11550",NA,51.077652,16.985441
"110602",NA,51.116875,17.031479
"24113",NA,51.13186,17.0812445
"12202",NA,51.12121,16.993952
"25009",NA,51.081917,17.077127
"18146",NA,51.138927,16.893705
"23015",NA,51.14132,17.032072
"120814",NA,51.112316,17.05734
"12153",NA,51.104973,16.970904
"21124",NA,51.092022,17.043518
"11603",NA,51.096012,16.985916
"24204",NA,51.116013,17.079609
"24116",NA,51.131832,17.080984
"10602",NA,51.113945,17.030796
"12605",NA,51.136932,16.966623
"18703",NA,51.16099,16.905123
"17530",NA,51.109417,16.882608
"24525",NA,51.103016,17.096396
"24422",NA,51.108232,17.071148
"20200",NA,51.107548,17.045984
"10051",NA,51.10517,17.03661
"120854",NA,51.11572,17.060698
"11511",NA,51.09453,17.010542
"21111",NA,51.091995,17.031092
"29539",NA,51.15458,17.118982
"11211",NA,51.083973,17.010405
"21027",NA,51.076862,17.050606
"11238",NA,51.077126,17.018616
"20831",NA,51.115837,17.051102
"26114",NA,51.065155,17.064606
"23002",NA,51.13297,17.027702
"24010",NA,51.131565,17.079287
"11339",NA,51.099255,17.03343
"10108",NA,51.109135,17.026703
"11215",NA,51.07442,17.007132
"23149",NA,51.14823,17.02058
"12114",NA,51.114426,16.972986
"23316",NA,51.150974,16.992607
"11652",NA,51.09033,16.993114
"11201",NA,51.09744,17.025095
"24206",NA,51.117,17.086245
"20282",NA,51.108284,17.047337
"10542",NA,51.10858,17.019424
"29115",NA,51.14822,17.117453
"18124",NA,51.14948,16.878946
"18132",NA,51.13822,16.934086
"11345",NA,51.09289,17.015701
"23312",NA,51.148075,16.988635
"12142",NA,51.119514,16.951483
"10365",NA,51.10058,17.028576
"120632",NA,51.12656,17.048089
"20370",NA,51.09721,17.0423565
"11316",NA,51.0746,17.006624
"11403",NA,51.09935,17.0001
"12505",NA,51.13644,16.950384
"18101",NA,51.138508,16.933683
"24138",NA,51.126614,17.115665
"17728",NA,51.123367,16.883196
"23155",NA,51.157967,17.009912
"23736",NA,51.138412,17.05786
"50000057",NA,51.0712,17.123995
"11406",NA,51.09862,16.996977
"24129",NA,51.140034,17.094361
"227911",NA,51.17417,17.048874
"25110",NA,51.089063,17.066224
"21179",NA,51.08308,17.036137
"17304",NA,51.099007,16.941473
"20265",NA,51.098507,17.042267
"11722",NA,51.09454,16.99203
"11523",NA,51.093426,17.003277
"18129",NA,51.1598,16.89371
"11405",NA,51.098373,16.995745
"24014",NA,51.130585,17.09534
"23503",NA,51.162445,17.002853
"16705",NA,51.064957,16.97602
"25516",NA,51.101078,17.067682
"11306",NA,51.083313,17.010311
"10333",NA,51.10382,17.0383
"11324",NA,51.099163,17.02162
"50000044",NA,51.05039,17.083338
"11332",NA,51.097965,17.029722
"21126",NA,51.092113,17.031155
"12606",NA,51.136482,16.967009
"24721",NA,51.110767,17.13688
"12507",NA,51.131832,16.962523
"20717",NA,51.12976,17.036774
"25301",NA,51.074905,17.076502
"17720",NA,51.12031,16.857533
"812903",NA,51.10604,16.8340635
"12125",NA,51.118626,16.954718
"11608",NA,51.0931,16.978067
"21150",NA,51.08049,17.06235
"26329",NA,51.06019,17.001842
"18525",NA,51.157345,16.949348
"17717",NA,51.120667,16.863544
"12708",NA,51.13983,16.959747
"10003",NA,51.1114,17.026587
"31731",NA,51.08758,16.974957
"18017",NA,51.13905,16.927803
"24125",NA,51.133953,17.102327
"18742",NA,51.174274,16.90835
"18001",NA,51.138134,16.933584
"18716",NA,51.18444,16.907316
"24009",NA,51.131687,17.08029
"26328",NA,51.064907,17.009818
"25518",NA,51.09232,17.132786
"12316",NA,51.129486,16.986675
"10405",NA,51.113205,17.00641
"110221",NA,51.104015,17.037346
"17722",NA,51.120148,16.850582
"12311",NA,51.126392,16.995096
"24126",NA,51.13422,17.101285
"10001",NA,51.10816,17.02883
"20852",NA,51.11996,17.056427
"23730",NA,51.15516,17.064568
"18708",NA,51.16288,16.895756
"23718",NA,51.14034,17.06973
"25116",NA,51.0743,17.08768
"120624",NA,51.1191,17.042011
"24526",NA,51.10308,17.096186
"21023",NA,51.082222,17.049614
"23701",NA,51.135098,17.057514
"16500",NA,51.067207,16.991806
"16513",NA,51.07383,17.0017495
"18521",NA,51.15719,16.922932
"21144",NA,51.086067,17.045929
"18509",NA,51.157654,16.927639
"23020",NA,51.14798,17.030037
"23704",NA,51.13793,17.053793
"10375",NA,51.10058,17.024714
"11318",NA,51.089314,17.0158
"20806",NA,51.11582,17.061295
"11544",NA,51.08156,17.000538
"20730",NA,51.128242,17.053644
"29928",NA,51.145454,17.1417
"10703",NA,51.122467,17.030613
"18301",NA,51.145554,16.869982
"21106",NA,51.08602,17.035278
"24145",NA,51.13641,17.070498
"12539",NA,51.12652,16.962961
"29133",NA,51.143095,17.128278
"110232",NA,51.10461,17.030645
"24127",NA,51.127502,17.115332
"29131",NA,51.14662,17.124887
"20723",NA,51.129074,17.056871
"111402",NA,51.101192,17.008108
"20822",NA,51.110073,17.054981
"10502",NA,51.11166,17.021162
"111404",NA,51.099785,17.00201
"24016",NA,51.12836,17.10208
"11204",NA,51.09425,17.021233
"12204",NA,51.123672,16.987885
"10376",NA,51.102177,17.025301
"11554",NA,51.089466,17.000452
"18383",NA,51.14484,16.871586
"44708",NA,51.115286,17.128124
"21022",NA,51.07852,17.064808
"82024003",NA,51.05694,16.945564
"10515",NA,51.12203,17.012392
"20711",NA,51.11726,17.03441
"120615",NA,51.124847,17.035244
"11743",NA,51.09067,16.991873
"723974",NA,51.04088,16.96941
"17726",NA,51.121468,16.931099
"26326",NA,51.067608,17.0111015
"29521",NA,51.155872,17.129196
"26306",NA,51.063297,17.032194
"12715",NA,51.138813,16.974642
"21018",NA,51.08365,17.059523
"18007",NA,51.143925,16.889305
"11330",NA,51.09512,17.027254
"25007",NA,51.08458,17.072788
"25312",NA,51.05125,17.092482
"12402",NA,51.12764,16.977592
"17134",NA,51.076252,16.969027
"23519",NA,51.17758,17.015675
"20621",NA,51.1176,17.042013
"18011",NA,51.145298,16.876171
"26330",NA,51.06015,17.001604
"23110",NA,51.138607,17.003565
"24121",NA,51.133022,17.105839
"18012",NA,51.14518,16.87881
"17706",NA,51.12364,16.917368
"20618",NA,51.128353,17.036568
"18543",NA,51.143803,16.9481
"12713",NA,51.136093,16.97901
"23154",NA,51.15597,17.011127
"29514",NA,51.149513,17.11135
"10508",NA,51.11446,17.003037
"12520",NA,51.126236,16.95494
"21143",NA,51.08622,17.045254
"25311",NA,51.050945,17.092237
"123002",NA,51.133064,17.027662
"23181",NA,51.134167,17.036602
"125008",NA,51.0859,17.07096
"425900",NA,51.09574,17.165768
"18302",NA,51.145226,16.872042
"18126",NA,51.152485,16.883436
"25108",NA,51.082603,17.076183
"12503",NA,51.132828,16.95771
"11730",NA,51.0845975,16.971935
"18123",NA,51.14979,16.879457
"11336",NA,51.094,17.019672
"24123",NA,51.130615,17.112003
"12136",NA,51.119377,16.951706
"11548",NA,51.07964,16.993372
"20634",NA,51.123898,17.044235
"18015",NA,51.141853,16.905659
"25114",NA,51.07802,17.083302
"10601",NA,51.117535,17.031605
"18712",NA,51.171165,16.902327
"25131",NA,51.069046,17.093487
"120820",NA,51.11154,17.059788
"11354",NA,51.085922,17.014853
"17132",NA,51.077045,16.964243
"17736",NA,51.12522,16.914497
"110255",NA,51.1077,17.022182
"23551",NA,51.153023,17.043686
"25101",NA,51.092564,17.061058
"25513",NA,51.088215,17.137707
"20820",NA,51.111526,17.059881
"12314",NA,51.12779,16.991001
"20684",NA,51.123962,17.042456
"17316",NA,51.097225,16.949278
"23504",NA,51.16224,17.003164
"23303",NA,51.142315,16.990149
"11305",NA,51.07974,17.007772
"20922",NA,51.112087,17.062973
"17313",NA,51.107666,16.949482
"17102",NA,51.08212,16.968908
"11535",NA,51.09379,17.009222
"11742",NA,51.089848,16.99273
"24212",NA,51.113888,17.0976
"29505",NA,51.160366,17.122286
"120215",NA,51.09694,17.05575
"11654",NA,51.090775,16.98895
"123004",NA,51.133686,17.019957
"23116",NA,51.14114,17.024944
"16702",NA,51.063946,16.983965
"23113",NA,51.139626,17.021833
"12150",NA,51.106358,16.970509
"16716",NA,51.05546,16.9616585
"23151",NA,51.15189,17.016863
"10373",NA,51.103764,17.0228
"17117",NA,51.06584,16.974957
"29532",NA,51.15896,17.1324
"17735",NA,51.12578,16.911596
"20815",NA,51.111458,17.061058
"24509",NA,51.102608,17.115921
"29137",NA,51.14496,17.117048
"20810",NA,51.114,17.050856
"11346",NA,51.09085,17.015825
"23161",NA,51.142105,17.036715
"24136",NA,51.14104,17.093525
"11303",NA,51.086887,17.012392
"10123",NA,51.107506,17.037245
"18719",NA,51.17345,16.91282
"23507",NA,51.169384,16.997078
"11746",NA,51.084587,16.990539
"10232",NA,51.103947,17.030546
"10411",NA,51.114025,17.002342
"23306",NA,51.144268,16.987362
"23554",NA,51.15596,17.044195
"12305",NA,51.124308,16.986826
"24416",NA,51.10132,17.1096
"26322",NA,51.058628,17.032534
"120614",NA,51.11941,17.035149
"20322",NA,51.10177,17.04688
"12717",NA,51.13778,16.967737
"12602",NA,51.13026,16.980051
"23533",NA,51.174255,17.00957
"21149",NA,51.07988,17.062464
"18739",NA,51.15449,16.897633
"11308",NA,51.075974,17.007618
"24118",NA,51.130733,17.094456
"29328",NA,51.142387,17.127962
"24403",NA,51.10528,17.07852
"29311",NA,51.146175,17.130728
"18502",NA,51.144012,16.949804
"24205",NA,51.117035,17.086624
"18535",NA,51.15243,16.926561
"17131",NA,51.0784,16.95877
"18311",NA,51.1447,16.867346
"12513",NA,51.122055,16.971886
"17118",NA,51.06693,16.973825
"12516",NA,51.121628,16.968088
"716106",NA,51.03429,16.901356
"29551",NA,51.169407,17.113127
"120806",NA,51.115814,17.061321
"25102",NA,51.092915,17.060797
"17302",NA,51.103695,16.946388
"20609",NA,51.124187,17.035679
"20816",NA,51.111355,17.061253
"24522",NA,51.109955,17.108269
"12106",NA,51.11426,16.979784
"23307",NA,51.156044,16.979694
"23134",NA,51.136593,17.04268
"18518",NA,51.15763,16.92248
"10452",NA,51.111767,17.021942
"11402",NA,51.1012,17.0081
"44726",NA,51.121925,17.118168
"11734",NA,51.08426,16.97194
"20615",NA,51.1249,17.035748
"17506",NA,51.10935,16.922451
"17508",NA,51.108414,16.910442
"12716",NA,51.138668,16.976986
"12736",NA,51.137535,16.968956
"17705",NA,51.12356,16.918547
"10408",NA,51.115494,17.001526
"10517",NA,51.126015,17.0078005
"25122",NA,51.071304,17.09081
"20206",NA,51.09637,17.056429
"11375",NA,51.080017,17.02107
"16503",NA,51.068993,16.996359
"23152",NA,51.1504,17.018198
"11372",NA,51.0902,17.029193
"17507",NA,51.10874,16.908098
"26312",NA,51.05416,17.027136
"11607",NA,51.09203,16.977518
"120807",NA,51.11486,17.070076
"23521",NA,51.151514,17.028566
"23712",NA,51.13788,17.0532
"12732",NA,51.14154,16.961403
"11537",NA,51.08806,17.007103
"21120",NA,51.09691,17.03794
"21130",NA,51.091835,17.032635
"20906",NA,51.117702,17.038729
"18143",NA,51.140747,16.887455
"723951",NA,51.051033,17.001873
"10412",NA,51.114395,17.002886
"23153",NA,51.148308,17.02163
"23156",NA,51.15078,17.004568
"26303",NA,51.06531,17.03229
"16408",NA,51.06689,16.994974
"12113",NA,51.11442,16.96877
"29518",NA,51.15671,17.101933
"29316",NA,51.145155,17.140923
"723952",NA,51.05221,17.00297
"716718",NA,51.051937,16.97415
"20263",NA,51.099045,17.044563
"24523",NA,51.10359,17.091919
"20317",NA,51.09998,17.044792
"16504",NA,51.06964,16.997402
"18401",NA,51.14355,16.95019
"10606",NA,51.125957,17.028011
"17116",NA,51.070366,16.967855
"24111",NA,51.13177,17.065725
"18507",NA,51.15753,16.933289
"21108",NA,51.078888,17.034262
"50000054",NA,51.074745,17.10339
"26318",NA,51.059513,17.006529
"21172",NA,51.08332,17.039215
"11342",NA,51.089535,17.028017
"24411",NA,51.103065,17.096836
"21014",NA,51.083916,17.049072
"10223",NA,51.100616,17.035994
"23510",NA,51.173122,16.994738
"29504",NA,51.154716,17.119045
"25309",NA,51.058975,17.086637
"23019",NA,51.147526,17.030169
"24719",NA,51.104546,17.146957
"21146",NA,51.084007,17.049192
"21105",NA,51.0849,17.03498
"23172",NA,51.136077,17.028807
"24710",NA,51.10984,17.137873
"11327",NA,51.092945,17.01949
"24115",NA,51.13154,17.091974
"23115",NA,51.14163,17.02608
"12604",NA,51.135082,16.969246
"23305",NA,51.144855,16.986687
"120670",NA,51.122864,17.050723
"110015",NA,51.11338,17.031419
"23502",NA,51.15845,17.009052
"20291",NA,51.10901,17.050735
"21147",NA,51.083584,17.060175
"21117",NA,51.082474,17.03445
"123001",NA,51.13315,17.02628
"125004",NA,51.0902,17.064537
"11337",NA,51.083435,17.009914
"120613",NA,51.120598,17.035198
"10104",NA,51.1116085,17.0253945
"24707",NA,51.11429,17.130551
"20903",NA,51.11752,17.051405
"20801",NA,51.116608,17.05245
"10654",NA,51.117985,17.030091
"723963",NA,51.03723,16.968199
"24534",NA,51.10312,17.102919
"12149",NA,51.10898,16.96873
"21011",NA,51.0845,17.048784
"26315",NA,51.058655,17.013424
"20661",NA,51.122646,17.031109
"18501",NA,51.145054,16.947791
"20904",NA,51.117252,17.043922
"25006",NA,51.087288,17.068733
"29123",NA,51.143654,17.119577
"24221",NA,51.11271,17.086521
"12515",NA,51.121788,16.967442
"11323",NA,51.097546,17.019278
"12543",NA,51.136654,16.9483165
"10111",NA,51.107452,17.040753
"10538",NA,51.112892,17.0184
"17733",NA,51.109768,16.843561
"23128",NA,51.146847,17.030119
"20632",NA,51.126427,17.04796
"18532",NA,51.14526,16.946575
"11214",NA,51.080494,17.00828
"24401",NA,51.106873,17.073961
"12720",NA,51.137524,16.968403
"18006",NA,51.142494,16.900368
"21002",NA,51.09758,17.032799
"29321",NA,51.141865,17.125013
"25001",NA,51.093235,17.060217
"10509",NA,51.11767,17.000671
"11234",NA,51.083633,17.024736
"120851",NA,51.118813,17.05843
"11326",NA,51.098713,17.02696
"24715",NA,51.100403,17.158968
"10406",NA,51.11296,17.00781
"23202",NA,51.135654,17.001553
"23314",NA,51.152645,16.996193
"17312",NA,51.106495,16.950542
"25004",NA,51.090393,17.064302
"10381",NA,51.107075,17.019367
"17738",NA,51.118828,16.847755
"18103",NA,51.140865,16.914295
"16517",NA,51.078537,16.998375
"16511",NA,51.066454,17.003202
"24508",NA,51.101112,17.108559
"17113",NA,51.073196,16.963821
"11713",NA,51.0953,16.970482
"120631",NA,51.126846,17.048899
"16706",NA,51.062634,16.976528
"10532",NA,51.11322,17.018177
"17138",NA,51.07666,16.978403
"21104",NA,51.09011,17.033907
"12519",NA,51.1263,16.954683
"21123",NA,51.09177,17.04367
"11371",NA,51.087391,17.027256
"10371",NA,51.10646,17.021461
"23543",NA,51.156506,17.033934
"17719",NA,51.120255,16.855036
"12313",NA,51.1286,16.989635
"23541",NA,51.15651,17.032162
"17714",NA,51.12102,16.877028
"18536",NA,51.1425,16.955835
"124421",NA,51.10869,17.072975
"20853",NA,51.114056,17.06073
"25308",NA,51.06174,17.079227
"24209",NA,51.113697,17.091726
"16718",NA,51.05508,16.974937
"11545",NA,51.084373,17.006607
"18504",NA,51.14884,16.94563
"23204",NA,51.137432,16.994482
"10404",NA,51.112637,17.016828
"120627",NA,51.12443,17.04531
"17701",NA,51.122566,16.930374
"20931",NA,51.115532,17.050837
"26112",NA,51.066475,17.058384
"723972",NA,51.051247,16.974745
"18004",NA,51.139687,16.922375
"10021",NA,51.10864,17.038652
"26321",NA,51.05865,17.032524
"10716",NA,51.117325,17.032808
"11609",NA,51.0902,16.976753
"25307",NA,51.060875,17.08194
"10712",NA,51.116306,17.033384
"18109",NA,51.145187,16.878094
"29536",NA,51.16672,17.109749
"26341",NA,51.056747,17.022276
"17111",NA,51.085104,16.954093
"723956",NA,51.047302,17.006742
"17103",NA,51.077797,16.963526
"18503",NA,51.149353,16.945122
"20329",NA,51.102026,17.04666
"11706",NA,51.094814,16.981344
"10507",NA,51.11672,17.000484
"16715",NA,51.058758,16.973783
"10534",NA,51.110928,17.02156
"20851",NA,51.119534,17.057137
"110655",NA,51.1179,17.031132
"24003",NA,51.13167,17.065714
"20611",NA,51.117603,17.034718
"23505",NA,51.16538,16.998959
"17729",NA,51.12924,16.911324
"50000055",NA,51.072014,17.118433
"11716",NA,51.09568,16.976671
"11526",NA,51.093967,16.997364
"24505",NA,51.10186,17.103444
"11721",NA,51.09473,16.98895
"23513",NA,51.193348,16.978542
"20607",NA,51.124443,17.033459
"17310",NA,51.095985,16.962008
"29105",NA,51.150154,17.121117
"12110",NA,51.11248,16.96111
"10505",NA,51.11334,17.006674
"120205",NA,51.096928,17.05623
"24716",NA,51.101448,17.157635
"10527",NA,51.120266,17.01068
"10605",NA,51.1303,17.027828
"723971",NA,51.046627,16.970509
"23515",NA,51.19668,16.975134
"16402",NA,51.071854,17.005981
"20682",NA,51.122906,17.03048
"125003",NA,51.089632,17.065292
"11378",NA,51.07488,17.016705
"11541",NA,51.096466,17.014631
"24120",NA,51.12898,17.101196
"18149",NA,51.14029,16.899584
"723954",NA,51.04872,17.00012
"12133",NA,51.11671,16.94673
"24222",NA,51.110565,17.079662
"10535",NA,51.112614,17.02304
"17317",NA,51.100468,16.94197
"23517",NA,51.170357,17.003169
"11328",NA,51.094387,17.021667
"18711",NA,51.17237,16.903494
"24202",NA,51.11494,17.073284
"18737",NA,51.154114,16.894993
"17709",NA,51.127228,16.89668
"20261",NA,51.10161,17.04613
"23140",NA,51.138725,17.028774
"12705",NA,51.137875,16.964598
"12701",NA,51.133446,16.971703
"29319",NA,51.142372,17.129461
"25504",NA,51.095287,17.079758
"29513",NA,51.15022,17.10985
"10516",NA,51.120186,17.010443
"71951006",NA,51.037113,16.984877
"723966",NA,51.037575,16.977602
"23508",NA,51.168934,16.997234
"29103",NA,51.145756,17.111296
"10335",NA,51.104126,17.031864
"11714",NA,51.095047,16.973974
"20818",NA,51.110012,17.064135
"111405",NA,51.098434,16.99603
"11546",NA,51.0862875,17.00495
"18111",NA,51.13843,16.939024
"10022",NA,51.108192,17.038666
"12538",NA,51.127644,16.964052
"24144",NA,51.13194,17.065897
"10119",NA,51.109013,17.04132
"124201",NA,51.115246,17.073784
"12301",NA,51.12184,16.992867
"24102",NA,51.131546,17.062342
"20328",NA,51.10005,17.045435
"24130",NA,51.136635,17.097216
"120817",NA,51.10913,17.066732
"18384",NA,51.144833,16.871786
"25502",NA,51.097107,17.067768
"10556",NA,51.11299,17.023304
"20327",NA,51.099613,17.045245
"82024005",NA,51.057125,16.95464
"24201",NA,51.115276,17.07382
"24728",NA,51.11768,17.112776
"29120",NA,51.149513,17.119375
"11344",NA,51.089794,17.021484
"20802",NA,51.1171,17.045392
"21177",NA,51.083145,17.03231
"20301",NA,51.10855,17.050165
"24506",NA,51.10219,17.1018085
"11536",NA,51.092503,17.008547
"26335",NA,51.060303,17.025352
"23717",NA,51.14036,17.0701
"44707",NA,51.114532,17.129763
"10545",NA,51.11234,16.999924
"12514",NA,51.122875,16.973148
"16404",NA,51.068733,17.004211
"11547",NA,51.07923,16.991259
"12140",NA,51.11942,16.952059
"11363",NA,51.076347,17.017632
"21112",NA,51.092155,17.030935
"10250",NA,51.104195,17.030165
"121010",NA,51.09059,17.04439
"17513",NA,51.111286,16.88243
"23713",NA,51.13859,17.059284
"10604",NA,51.12092,17.031046
"24705",NA,51.11354,17.122904
"11317",NA,51.088707,17.014458
"17120",NA,51.086655,16.949255
"11374",NA,51.087955,17.027939
"20203",NA,51.100483,17.053585
"10407",NA,51.11677,17.000158
"23010",NA,51.135998,17.029024
"20808",NA,51.115055,17.067442
"12132",NA,51.110817,16.954626
"18526",NA,51.145355,16.94913
"23166",NA,51.15056,17.043295
"23556",NA,51.15876,17.04447
"11376",NA,51.08317,17.02439
"17737",NA,51.117252,16.846891
"16721",NA,51.055546,16.97038
"11355",NA,51.08165,17.016655
"26302",NA,51.071648,17.032534
"18145",NA,51.139545,16.891499
"18508",NA,51.156807,16.934843
"25314",NA,51.04762,17.091234
"26320",NA,51.061523,16.998703
"85510",NA,51.095146,17.118742
"21005",NA,51.093433,17.036182
"29104",NA,51.145164,17.106525
"120268",NA,51.099773,17.035524
"12206",NA,51.125267,16.983595
"17128",NA,51.076054,16.953014
"12517",NA,51.122467,16.961805
"24122",NA,51.13319,17.10567
"11660",NA,51.0938,16.980722
"10222",NA,51.104843,17.037716
"23511",NA,51.179955,16.9865995
"11301",NA,51.0912,17.017437
"10372",NA,51.10692,17.02173
"23518",NA,51.171467,17.004618
"11549",NA,51.077305,16.983845
"11341",NA,51.089775,17.026525
"24211",NA,51.11389,17.097569
"23013",NA,51.137028,17.035997
"10706",NA,51.126446,17.027912
"120621",NA,51.11756,17.042051
"23105",NA,51.13489,17.009106
"716102",NA,51.016373,16.886984
"12407",NA,51.132946,16.95681
"12103",NA,51.11368,16.98958
"24002",NA,51.132046,17.066006
"12733",NA,51.140255,16.96442
"120269",NA,51.099487,17.035067
"17713",NA,51.120926,16.876572
"12525",NA,51.13394,16.9568
"11240",NA,51.074017,17.015755
"12127",NA,51.121326,16.944406
"29533",NA,51.164005,17.111792
"24402",NA,51.108234,17.06974
"11610",NA,51.089485,16.976818
"24514",NA,51.106407,17.09819
"17707",NA,51.126244,16.908833
"71951011",NA,51.039307,16.987007
"11331",NA,51.09754,17.029978
"29101",NA,51.145252,17.107494
"17509",NA,51.107727,16.899113
"11720",NA,51.090748,16.977148
"12610",NA,51.142673,16.961126
"21138",NA,51.076744,17.050478
"21137",NA,51.076633,17.054186
"23162",NA,51.1413,17.035227
"23709",NA,51.140114,17.063076
"20315",NA,51.096786,17.057781
"23164",NA,51.146606,17.041847
"20626",NA,51.121376,17.04338
"12102",NA,51.11248,16.994944
"11703",NA,51.09576,16.984873
"120625",NA,51.121803,17.043706
"17133",NA,51.07649,16.96819
"17510",NA,51.109066,16.904303
"23133",NA,51.13688,17.04519
"12306",NA,51.123566,16.987772
"29529",NA,51.151688,17.106687
"10270",NA,51.100914,17.030766
"20813",NA,51.11201,17.058039
"18530",NA,51.157818,16.922638
"23107",NA,51.135468,17.003815
"23167",NA,51.144646,17.040543
"716105",NA,51.033375,16.932953
"10226",NA,51.100132,17.033762
"26324",NA,51.058903,17.006992
"18312",NA,51.145496,16.866735
"25319",NA,51.05352,17.092735
"11707",NA,51.09528,16.979174
"11352",NA,51.086838,17.011032
"12107",NA,51.11372,16.964518
"11701",NA,51.0974,16.991007
"723955",NA,51.0477,17.005302
"16524",NA,51.067665,17.01438
"24105",NA,51.13935,17.081402
"11208",NA,51.0885,17.014439
"23552",NA,51.152466,17.043554
"20345",NA,51.100315,17.039278
"17110",NA,51.08779,16.950879
"20292",NA,51.108147,17.048103
"23169",NA,51.14934,17.043242
"23304",NA,51.14162,16.990896
"24408",NA,51.104473,17.084187
"18102",NA,51.1382,16.937351
"10652",NA,51.114925,17.024302
"17305",NA,51.096813,16.947311
"23509",NA,51.172688,16.995075
"21010",NA,51.090347,17.044518
"4",NA,51.0789,17.005726
"10379",NA,51.102165,17.012177
"21103",NA,51.089226,17.03401
"26116",NA,51.064243,17.069391
"120822",NA,51.110016,17.054667
"24141",NA,51.132008,17.065706
"110250",NA,51.102947,17.03046
"25317",NA,51.062393,17.076706
"23308",NA,51.148075,16.98383
"24311",NA,51.11183,17.083828
"20825",NA,51.114048,17.069168
"12315",NA,51.13002,16.984392
"20803",NA,51.11632,17.05512
"24516",NA,51.10652,17.104208
"11362",NA,51.084328,17.023504
"21159",NA,51.07672,17.055556
"18148",NA,51.13595,16.902872
"10027",NA,51.110725,17.039167
"71951008",NA,51.043953,16.99254
"24007",NA,51.131374,17.078241
"11366",NA,51.07436,17.015654
"17718",NA,51.12054,16.863485
"18141",NA,51.14405,16.888436
"11539",NA,51.0885,17.005136
"16724",NA,51.058468,16.987377
"26104",NA,51.05962,17.056232
"812902",NA,51.107951,16.840159
"21007",NA,51.091217,17.042273
"21102",NA,51.09653,17.032942
"23111",NA,51.136387,17.016804
"10268",NA,51.10005,17.035612
"120213",NA,51.099,17.050604
"16713",NA,51.061455,16.975664
"17725",NA,51.121567,16.9213765
"11731",NA,51.08721,16.974833
"23732",NA,51.135166,17.058384
"12111",NA,51.110332,16.955667
"29534",NA,51.163895,17.112326
"12151",NA,51.11354,16.970594
"23143",NA,51.13838,17.029186
"25503",NA,51.09427,17.08287
"26111",NA,51.06608,17.060059
"17721",NA,51.120144,16.849388
"18519",NA,51.146732,16.938082
"24012",NA,51.131832,17.087202
"12309",NA,51.125746,16.997389
"26115",NA,51.06391,17.072508
"18524",NA,51.152515,16.947214
"20900",NA,51.116932,17.049566
"18387",NA,51.144634,16.871155
"24711",NA,51.107113,17.14241
"24124",NA,51.13168,17.110935
"21153",NA,51.091896,17.031738
"20326",NA,51.097466,17.055046
"23555",NA,51.159294,17.044683
"24512",NA,51.106266,17.09161
"24207",NA,51.116447,17.090012
"11726",NA,51.093662,16.980556
"12704",NA,51.136204,16.966934
"18010",NA,51.144714,16.882656
"11333",NA,51.09303,17.024092
"10531",NA,51.107754,17.021082
"25005",NA,51.08724,17.068766
"24324",NA,51.11378,17.096283
"11723",NA,51.092743,16.982838
"12203",NA,51.12408,16.987013
"10386",NA,51.10164,17.013529
"29114",NA,51.151344,17.1265
"10655",NA,51.117966,17.03114
"10403",NA,51.11288,17.011408
"24208",NA,51.116005,17.089422
"24703",NA,51.114212,17.1163
"23201",NA,51.13609,16.99741
"10241",NA,51.10714,17.026266
"17307",NA,51.0964,16.957115
"16407",NA,51.06652,16.993023
"80362013",NA,51.107506,16.83954
"29320",NA,51.142426,17.130533
"121024",NA,51.081,17.050264
"10650",NA,51.11754,17.024939
"26323",NA,51.05876,17.006863
"10246",NA,51.102272,17.012978
"12718",NA,51.13762,16.96896
"16512",NA,51.0693,17.004938
"20313",NA,51.105003,17.0480685
"29322",NA,51.14188,17.12339
"21175",NA,51.08358,17.026564
"20202",NA,51.105972,17.047813
"20932",NA,51.11293,17.049826
"23727",NA,51.143417,17.071133
"812713",NA,51.057854,16.954252
"21037",NA,51.07723,17.040184
"16401",NA,51.071068,17.005589
"16514",NA,51.073746,17.002087
"23145",NA,51.143066,17.02505
"24412",NA,51.10322,17.095835
"21125",NA,51.084976,17.0481
"29511",NA,51.149982,17.114746
"10002",NA,51.10729,17.033335
"12002",NA,51.112633,16.993551
"23131",NA,51.135937,17.03761
"21129",NA,51.075855,17.052008
"11320",NA,51.098545,17.030025
"11322",NA,51.098175,17.031198
"23714",NA,51.13914,17.060883
"18710",NA,51.166775,16.898582
"23004",NA,51.13365,17.020506
"23024",NA,51.139446,17.03152
"25135",NA,51.08626,17.07001
"10004",NA,51.108974,17.027086
"12408",NA,51.13236,16.959155
"20670",NA,51.123455,17.048876
"17503",NA,51.109745,16.927505
"24702",NA,51.115288,17.111036
"120805",NA,51.11218,17.060421
"23723",NA,51.15283,17.069246
"20339",NA,51.100574,17.039364
"23016",NA,51.1404,17.03232
"23168",NA,51.143646,17.039225
"18144",NA,51.14079,16.886942
"10551",NA,51.108692,17.017796
"18529",NA,51.14924,16.930113
"24106",NA,51.139427,17.080896
"18104",NA,51.139713,16.9230995
"25146",NA,51.076065,17.09288
"11606",NA,51.09484,16.981424
"29100",NA,51.1459,17.116673
"20821",NA,51.11047,17.05648
"12130",NA,51.121593,16.94699
"11368",NA,51.07277,17.00998
"12544",NA,51.124203,16.959248
"21004",NA,51.09443,17.033056
"120203",NA,51.10042,17.053598
"10269",NA,51.101246,17.029581
"29314",NA,51.1457,17.135765
"10243",NA,51.104687,17.02248
"25511",NA,51.094814,17.129677
"17516",NA,51.11064,16.900158
"24421",NA,51.109074,17.074413
"20631",NA,51.126556,17.047993
"24119",NA,51.130961,17.104339
"12542",NA,51.123287,16.95896
"20204",NA,51.10148,17.052618
"24706",NA,51.113525,17.121029
"24320",NA,51.11947,17.082169
"24315",NA,51.113693,17.103897
"116406",NA,51.06794,17.00093
"12531",NA,51.136593,16.948387
"20669",NA,51.122257,17.052217
"25111",NA,51.080822,17.076166
"16405",NA,51.06745,16.998009
"11338",NA,51.0858585,17.011887
"20318",NA,51.10406,17.048084
"24319",NA,51.11943,17.0876255
"12601",NA,51.133095,16.97262
"18130",NA,51.160088,16.893713
"21025",NA,51.079346,17.050713
"20334",NA,51.101273,17.040665
"18528",NA,51.14804,16.931046
"10383",NA,51.10475,17.012934
"18714",NA,51.174675,16.906649
"18121",NA,51.145866,16.876144
"23311",NA,51.145126,16.987368
"17727",NA,51.124065,16.885025
"18147",NA,51.137905,16.897533
"18515",NA,51.147755,16.94749
"18131",NA,51.139456,16.9254185
"29554",NA,51.173435,17.116282
"23103",NA,51.133934,17.018833
"24524",NA,51.104065,17.08813
"11452",NA,51.08815,17.005962
"11601",NA,51.09742,16.991358
"12302",NA,51.12098,16.994062
"17119",NA,51.068096,16.969404
"20304",NA,51.10937,17.047478
"24140",NA,51.132015,17.065613
"24714",NA,51.10354,17.15429
"12322",NA,51.127888,16.97797
"18537",NA,51.1438,16.952236
"12131",NA,51.11164,16.95175
"10026",NA,51.11002,17.038958
"24517",NA,51.105587,17.110815
"23733",NA,51.13826,17.059885
"16510",NA,51.061615,16.997755
"11719",NA,51.089775,16.976643
"12123",NA,51.116047,16.958534
"29128",NA,51.147156,17.114397
"11729",NA,51.08356,16.970558
"26333",NA,51.06216,17.03103
"12533",NA,51.11562,16.968506
"25508",NA,51.09326,17.10653
"21030",NA,51.077213,17.039448
"20909",NA,51.113426,17.053001
"25012",NA,51.080517,17.079544
"23109",NA,51.13623,16.998873
"11206",NA,51.091087,17.017511
"20332",NA,51.106255,17.043451
"85512",NA,51.094814,17.129566
"111406",NA,51.0986,16.996803
"17311",NA,51.105255,16.94893
"20630",NA,51.128292,17.054033
"24413",NA,51.102146,17.102338
"26344",NA,51.05284,17.019735
"26317",NA,51.059727,17.005547
"18533",NA,51.157646,16.922916
"20341",NA,51.099915,17.03919
"21148",NA,51.083347,17.058386
"110024",NA,51.110695,17.039118
"71951005",NA,51.037434,16.985264
"12731",NA,51.14086,16.959246
"12310",NA,51.1215525,16.9946715
"21008",NA,51.092125,17.039375
"24502",NA,51.107506,17.072348
"16523",NA,51.06982,17.00356
"16406",NA,51.06754,16.998486
"20805",NA,51.115837,17.060469
"11658",NA,51.091328,16.98729
"21133",NA,51.07688,17.048187
"24720",NA,51.10524,17.145744
"11207",NA,51.088554,17.01452
"120669",NA,51.122135,17.05236
"726952",NA,51.04608,17.013294
"110241",NA,51.107227,17.026345
"21109",NA,51.074463,17.032618
"50000041",NA,51.041054,17.074606
"24117",NA,51.129715,17.097951
"10024",NA,51.11243,17.039478
"12903",NA,51.12338,16.950188
"12124",NA,51.114395,16.958672
"112206",NA,51.12535,16.983604
"21176",NA,51.083885,17.02664
"11334",NA,51.092484,17.02353
"723962",NA,51.039055,16.971308
"10271",NA,51.10431,17.02233
"110222",NA,51.10394,17.037373
"25316",NA,51.06046,17.083242
"21160",NA,51.0917,17.03284
"26113",NA,51.064808,17.066011
"10378",NA,51.103195,17.017315
"24317",NA,51.115086,17.090404
"12122",NA,51.112835,16.959597
"25014",NA,51.07727,17.0839
"20658",NA,51.117546,17.040413
"120826",NA,51.1135,17.067142
"121009",NA,51.087315,17.0461395
"71951007",NA,51.04254,16.990788
"11704",NA,51.096134,16.986475
"120853",NA,51.115685,17.060776
"25517",NA,51.095142,17.116705
"23165",NA,51.15053,17.043175
"29516",NA,51.153206,17.104635
"24323",NA,51.113827,17.09868
"23315",NA,51.151825,16.993305
"26314",NA,51.05654,17.02509
"23731",NA,51.135548,17.057777
"24107",NA,51.142185,17.09406
"11522",NA,51.093533,17.008924
"18150",NA,51.1403235,16.899619
"2",NA,51.124374,17.041044
"18142",NA,51.1432,16.889
"21154",NA,51.078632,17.064339
"24114",NA,51.131582,17.0705005
"11231",NA,51.089725,17.028698
"20811",NA,51.11361,17.05029
"16518",NA,51.076584,16.996908
"21029",NA,51.077133,17.045746
"17512",NA,51.110966,16.890865
